learner,tuner,rep,pehe,pehe_plug
x_cb,random,0,0.11723559844505596,0.38655017945111786
x_cb,random,1,0.3734882581641698,0.7954646992511188
x_cb,random,2,0.16287622126224227,0.4357448361278491
x_cb,random,3,0.2666726919643501,0.36264936708331313
x_cb,random,4,0.16653224896442917,0.4949829607160956
x_cb,random,5,0.14414665288644832,0.1735394399480815
x_cb,random,6,0.12419880964225166,0.244064682042889
x_cb,random,7,0.10379223691928552,0.1964364342123861
x_cb,random,8,0.1744388708285921,0.4744222214816136
x_cb,random,9,0.17792434561864973,0.3059814901719526
x_cb,random,10,0.11165039631341875,0.23860796573208704
x_cb,random,11,0.17134743438621436,0.3223643156896037
x_cb,random,12,0.2394967016906877,0.5470226747646855
x_cb,random,13,0.10690680555382741,0.24395257400009457
x_cb,random,14,0.12167180400136102,0.5177025811990701
x_cb,random,15,0.15680933721068402,0.3001560949291352
x_cb,random,16,0.16191434918554737,0.36606818083914716
x_cb,random,17,0.1385100526322744,0.3394075645862596
x_cb,random,18,0.08791476049938278,0.29571110642910103
x_cb,random,19,0.20332848171819012,0.30127779100936414
x_cb,random,20,0.15407403751404802,0.231889906276632
x_cb,random,21,0.18656090858884905,0.6656201362884429
x_cb,random,22,0.11656612805370509,0.2465120823792255
x_cb,random,23,0.12606447476448318,0.36497231023482324
x_cb,random,24,0.07646190463973396,0.1773115756850251
x_cb,random,25,0.2096419356656219,0.3006091923538543
x_cb,random,26,0.23174903412828762,0.4365735657536937
x_cb,random,27,0.2056765094021879,0.3846850029775165
x_cb,random,28,0.2360688369006049,0.39472007185977953
x_cb,random,29,0.1019494790721549,0.423221832382823
x_cb,bayes,0,0.09677014628419586,0.3071350125178325
x_cb,bayes,1,0.3794130488438597,0.8424934945176562
x_cb,bayes,2,0.1186955395824661,0.3064787835405741
x_cb,bayes,3,0.26471820176451283,0.31232850437641485
x_cb,bayes,4,0.09571568571915728,0.30357974173992114
x_cb,bayes,5,0.16220300709005944,0.3293419925517886
x_cb,bayes,6,0.14441003293220647,0.31556923866933584
x_cb,bayes,7,0.1390284432682552,0.3493706710191437
x_cb,bayes,8,0.191716693837715,0.5594016349662823
x_cb,bayes,9,0.0990895536266124,0.1980643420134145
x_cb,bayes,10,0.11970739114845602,0.2865144746827247
x_cb,bayes,11,0.1755497061910177,0.3604791113680176
x_cb,bayes,12,0.22891555035008437,0.43965088054430734
x_cb,bayes,13,0.09711721288379836,0.2521290832569202
x_cb,bayes,14,0.09855143220632223,0.49229228293065413
x_cb,bayes,15,0.19455507417818654,0.1898339688977686
x_cb,bayes,16,0.18291385781855565,0.43242857208354407
x_cb,bayes,17,0.12871990811460102,0.316840417429423
x_cb,bayes,18,0.14114769626587645,0.3628997474458379
x_cb,bayes,19,0.17881885409900172,0.3327858493916114
x_cb,bayes,20,0.10764997408957891,0.2127280529186191
x_cb,bayes,21,0.1430604752112054,0.4623985013476972
x_cb,bayes,22,0.1097985603417619,0.2543730919137218
x_cb,bayes,23,0.16356073873593738,0.2188227242078543
x_cb,bayes,24,0.07400946444497122,0.15344513286380812
x_cb,bayes,25,0.23802913637064504,0.37560262376476816
x_cb,bayes,26,0.1681569891776012,0.20924301878016324
x_cb,bayes,27,0.17127001231485478,0.3173747138890735
x_cb,bayes,28,0.2755363119413525,0.2571716909232605
x_cb,bayes,29,0.09690479678445914,0.3838341104176551
